,Variable,F_Value,P_Value
7,Neighborhood_West,114.13817243929999,0.000
6,Neighborhood_North,57.55333435323522,0.000
9,SqFt,56.54849881282711,0.000
3,Bedrooms_4,35.10454013968447,0.000
0,Bathrooms_3,33.33201950980594,0.000
5,Brick_Yes,30.62065861838356,0.000
8,Offers,15.017276906769927,0.000
1,Bathrooms_4,4.873163702303552,0.029
2,Bedrooms_3,3.7114422032493026,0.056
4,Bedrooms_5,3.495276252973304,0.064
